mix,pd
A,323.2560334
B,447.8259148
C,618.8910748
D,650.370794
E,776.2674806
F,789.939296